(nil), 0x55a92d78fa40
0x55a92d78fa40, 0x55a92d78f9e0
0x55a92d78f9e0, 0x55a92d78e310
0x55a92d78f9e0, 0x55a92d78e390
0x55a92d78f9e0, 0x55a92d78f980
0x55a92d78f980, 0x55a92d78e900
0x55a92d78e900, 0x55a92d78e410
0x55a92d78e900, 0x55a92d78e490
(nil), 0x55a92d78ea60
0x55a92d78ea60, 0x55a92d78e980
0x55a92d78ea60, 0x55a92d78ea00
(nil), 0x55a92d78ebc0
0x55a92d78ebc0, 0x55a92d78eae0
0x55a92d78ebc0, 0x55a92d78eb60
(nil), 0x55a92d78ed00
0x55a92d78ed00, 0x55a92d78ec40
0x55a92d78ed00, 0x55a92d78eca0
(nil), 0x55a92d78f080
0x55a92d78f080, 0x55a92d78ed80
0x55a92d78f080, 0x55a92d78f020
0x55a92d78f020, 0x55a92d78ef60
0x55a92d78ef60, 0x55a92d78eea0
0x55a92d78eea0, 0x55a92d78ede0
0x55a92d78eea0, 0x55a92d78ee40
0x55a92d78ef60, 0x55a92d78ef00
0x55a92d78f020, 0x55a92d78efc0
(nil), 0x55a92d78f340
0x55a92d78f340, 0x55a92d78f100
0x55a92d78f340, 0x55a92d78f2e0
0x55a92d78f2e0, 0x55a92d78f220
0x55a92d78f220, 0x55a92d78f160
0x55a92d78f220, 0x55a92d78f1c0
0x55a92d78f2e0, 0x55a92d78f280
(nil), 0x55a92d78f4a0
0x55a92d78f4a0, 0x55a92d78f3c0
0x55a92d78f4a0, 0x55a92d78f440
(nil), 0x55a92d78f600
0x55a92d78f600, 0x55a92d78f520
0x55a92d78f600, 0x55a92d78f5a0
(nil), 0x55a92d78f7c0
0x55a92d78f7c0, 0x55a92d78f680
0x55a92d78f7c0, 0x55a92d78f700
0x55a92d78f7c0, 0x55a92d78f760
(nil), 0x55a92d78f920
0x55a92d78f920, 0x55a92d78f840
0x55a92d78f920, 0x55a92d78f8c0
